imagen,origen,frame,segundo,motivo,sha256
ROBOMASTER_VIDEO_01_frame_0432.jpg,A_javier-saguar/ROBOMASTER_VIDEO_01/images/frame_0432.jpg,432,14.223000,Reflejos y varios robots,f11d6251ae7241ccaabd8069058b116c6b7a4cff0d274f09966cae05bcb27de7
ROBOMASTER_VIDEO_01_frame_1584.jpg,A_javier-saguar/ROBOMASTER_VIDEO_01/images/frame_1584.jpg,1584,52.239000,Desenfoque de movimiento,bef696424dc0323755855e111d232816470e2a599e807cd726392bcf4e5b48a6
ROBOMASTER_VIDEO_02_frame_0720.jpg,A_javier-saguar/ROBOMASTER_VIDEO_02/images/frame_0720.jpg,720,23.727000,Oclusión por sillas y piernas,58519385be8bbe4f173bef16a5c82687704f1a1c9846886a179b1fd25e9fa76e
ROBOMASTER_VIDEO_02_frame_1296.jpg,A_javier-saguar/ROBOMASTER_VIDEO_02/images/frame_1296.jpg,1296,42.735000,Robot muy próximo,df0868e31b7c00c397e4b2f4392e43314fa1196e804a041edca744346682641d
ROBOMASTER_VIDEO_03_frame_0720.jpg,B_alejandro-cuevas/ROBOMASTER_VIDEO_03/images/frame_0720.jpg,720,23.727000,Robots que se solapan,0dfc5efa5d0207a08f02abffc11d4ec93f1b41117d9460dc6ad1fba9824a2c33
ROBOMASTER_VIDEO_03_frame_1800.jpg,B_alejandro-cuevas/ROBOMASTER_VIDEO_03/images/frame_1800.jpg,1800,59.367000,Varios robots y cajas independientes,5fb5cf2a8a15942fa79cfbf538f458c135a7fc8aa9223d8db361abbc223d21a5
ROBOMASTER_VIDEO_04_frame_0024.jpg,B_alejandro-cuevas/ROBOMASTER_VIDEO_04/images/frame_0024.jpg,24,0.759000,Exterior y robot pequeño,8a12cd1cc39d906465270a39fb0d2606ca42caaae9388e831ad5b99b59dfe710
ROBOMASTER_VIDEO_04_frame_1584.jpg,B_alejandro-cuevas/ROBOMASTER_VIDEO_04/images/frame_1584.jpg,1584,52.239000,Exterior y robot próximo,5cb01e3e40b497bf6f3f42455b0885f01ae86a1da3fbf2c311cc6aab8937e3ce
ROBOMASTER_VIDEO_05_frame_0024.jpg,C_monica-fernandez/ROBOMASTER_VIDEO_05/images/frame_0024.jpg,24,0.759000,Robots lejanos en el pasillo,3996d2271e840e79eee0ecf3e098c38ebf7de59956dc4c955dc8e632687cddbf
ROBOMASTER_VIDEO_05_frame_0720.jpg,C_monica-fernandez/ROBOMASTER_VIDEO_05/images/frame_0720.jpg,720,23.727000,Antenas y cañón,6b80d96aab31d2f67d02b7ef929e9d8da6c5c7ba7b154cde4ecc81c5edd6d591
ROBOMASTER_VIDEO_06_frame_0024.jpg,C_monica-fernandez/ROBOMASTER_VIDEO_06/images/frame_0024.jpg,24,0.759000,Cámara inclinada y desenfoque,bd6bf6676da822c853871053e7bcf31bcf4399ee58e3bf40964113cd5e8c62a4
ROBOMASTER_VIDEO_06_frame_1800.jpg,C_monica-fernandez/ROBOMASTER_VIDEO_06/images/frame_1800.jpg,1800,59.367000,Cañón propio frente a rival próximo,96c6dd6b99f2d02ec8a2635ffbc031ffa7453fe24f1cead89987c988d926ec88
ROBOMASTER_VIDEO_07_frame_0024.jpg,D_pedro-orrego/ROBOMASTER_VIDEO_07/images/frame_0024.jpg,24,0.759000,Reflejos y movimiento,a6b89496fd58e77a5a208b2f396043a1497d03bf347836a7d61250291ba731c0
ROBOMASTER_VIDEO_07_frame_1512.jpg,D_pedro-orrego/ROBOMASTER_VIDEO_07/images/frame_1512.jpg,1512,49.863000,Desenfoque y fondo con personas,9f05651f158ae4a3d4e0e4a700e997b20b6c8fe949f86d2ee45a446319837bcb
ROBOMASTER_VIDEO_08_frame_2448.jpg,D_pedro-orrego/ROBOMASTER_VIDEO_08/images/frame_2448.jpg,2448,80.751000,Robot cortado por el borde,a25423d652c83f1bf63a5dc68a79367238e7802c0822bbedbf21d88ca785cf3c
ROBOMASTER_VIDEO_08_frame_1464.jpg,D_pedro-orrego/ROBOMASTER_VIDEO_08/images/frame_1464.jpg,1464,48.279000,Reflejos y varios robots,8207bd442f72d8124c872099da9fbe6cef03527e64ec7618f013825b7f0684b5
ROBOMASTER_VIDEO_09_frame_0696.jpg,E_daniel-naval/ROBOMASTER_VIDEO_09/images/frame_0696.jpg,696,22.935000,Robot próximo en exterior,5547e1c8e72dd1c0f6e998b7e0963af4aab6b161066acf7681e8ba2efaf38f7b
ROBOMASTER_VIDEO_09_frame_1344.jpg,E_daniel-naval/ROBOMASTER_VIDEO_09/images/frame_1344.jpg,1344,44.319000,Robots entre piernas,b5e05e8acd8206a8920fef11bbc475ff44c00ea7dbefcd8dab0e4e52cdb57683
ROBOMASTER_VIDEO_10_frame_0384.jpg,E_daniel-naval/ROBOMASTER_VIDEO_10/images/frame_0384.jpg,384,12.639000,Robot lejano y patas de sillas,d70dcc08e6288e46e85627af9c4430b6c646fc93b593052380dfc0c2b68b9917
ROBOMASTER_VIDEO_10_frame_1416.jpg,E_daniel-naval/ROBOMASTER_VIDEO_10/images/frame_1416.jpg,1416,46.695000,Robot próximo al borde,308ee035390ef366fa8f7af3e2925aeabc221312dc577bd9383c7f814224aece
