video,frame,segundo,ruta
ROBOMASTER_VIDEO_01,24,0.759000,A_javier-saguar/ROBOMASTER_VIDEO_01/images/frame_0024.jpg
ROBOMASTER_VIDEO_01,192,6.303000,A_javier-saguar/ROBOMASTER_VIDEO_01/images/frame_0192.jpg
ROBOMASTER_VIDEO_01,384,12.639000,A_javier-saguar/ROBOMASTER_VIDEO_01/images/frame_0384.jpg
ROBOMASTER_VIDEO_01,552,18.183000,A_javier-saguar/ROBOMASTER_VIDEO_01/images/frame_0552.jpg
ROBOMASTER_VIDEO_01,720,23.727000,A_javier-saguar/ROBOMASTER_VIDEO_01/images/frame_0720.jpg
ROBOMASTER_VIDEO_01,912,30.063000,A_javier-saguar/ROBOMASTER_VIDEO_01/images/frame_0912.jpg
ROBOMASTER_VIDEO_01,1080,35.607000,A_javier-saguar/ROBOMASTER_VIDEO_01/images/frame_1080.jpg
ROBOMASTER_VIDEO_01,1272,41.943000,A_javier-saguar/ROBOMASTER_VIDEO_01/images/frame_1272.jpg
ROBOMASTER_VIDEO_01,1440,47.487000,A_javier-saguar/ROBOMASTER_VIDEO_01/images/frame_1440.jpg
ROBOMASTER_VIDEO_01,1608,53.031000,A_javier-saguar/ROBOMASTER_VIDEO_01/images/frame_1608.jpg
ROBOMASTER_VIDEO_01,1800,59.367000,A_javier-saguar/ROBOMASTER_VIDEO_01/images/frame_1800.jpg
ROBOMASTER_VIDEO_01,1968,64.911000,A_javier-saguar/ROBOMASTER_VIDEO_01/images/frame_1968.jpg
ROBOMASTER_VIDEO_02,24,0.759000,A_javier-saguar/ROBOMASTER_VIDEO_02/images/frame_0024.jpg
ROBOMASTER_VIDEO_02,192,6.303000,A_javier-saguar/ROBOMASTER_VIDEO_02/images/frame_0192.jpg
ROBOMASTER_VIDEO_02,336,11.055000,A_javier-saguar/ROBOMASTER_VIDEO_02/images/frame_0336.jpg
ROBOMASTER_VIDEO_02,504,16.599000,A_javier-saguar/ROBOMASTER_VIDEO_02/images/frame_0504.jpg
ROBOMASTER_VIDEO_02,672,22.143000,A_javier-saguar/ROBOMASTER_VIDEO_02/images/frame_0672.jpg
ROBOMASTER_VIDEO_02,840,27.687000,A_javier-saguar/ROBOMASTER_VIDEO_02/images/frame_0840.jpg
ROBOMASTER_VIDEO_02,984,32.439000,A_javier-saguar/ROBOMASTER_VIDEO_02/images/frame_0984.jpg
ROBOMASTER_VIDEO_02,1152,37.983000,A_javier-saguar/ROBOMASTER_VIDEO_02/images/frame_1152.jpg
ROBOMASTER_VIDEO_02,1320,43.527000,A_javier-saguar/ROBOMASTER_VIDEO_02/images/frame_1320.jpg
ROBOMASTER_VIDEO_02,1488,49.071000,A_javier-saguar/ROBOMASTER_VIDEO_02/images/frame_1488.jpg
ROBOMASTER_VIDEO_02,1632,53.823000,A_javier-saguar/ROBOMASTER_VIDEO_02/images/frame_1632.jpg
ROBOMASTER_VIDEO_02,1800,59.367000,A_javier-saguar/ROBOMASTER_VIDEO_02/images/frame_1800.jpg
ROBOMASTER_VIDEO_03,24,0.759000,B_alejandro-cuevas/ROBOMASTER_VIDEO_03/images/frame_0024.jpg
ROBOMASTER_VIDEO_03,192,6.303000,B_alejandro-cuevas/ROBOMASTER_VIDEO_03/images/frame_0192.jpg
ROBOMASTER_VIDEO_03,336,11.055000,B_alejandro-cuevas/ROBOMASTER_VIDEO_03/images/frame_0336.jpg
ROBOMASTER_VIDEO_03,504,16.599000,B_alejandro-cuevas/ROBOMASTER_VIDEO_03/images/frame_0504.jpg
ROBOMASTER_VIDEO_03,672,22.143000,B_alejandro-cuevas/ROBOMASTER_VIDEO_03/images/frame_0672.jpg
ROBOMASTER_VIDEO_03,840,27.687000,B_alejandro-cuevas/ROBOMASTER_VIDEO_03/images/frame_0840.jpg
ROBOMASTER_VIDEO_03,984,32.439000,B_alejandro-cuevas/ROBOMASTER_VIDEO_03/images/frame_0984.jpg
ROBOMASTER_VIDEO_03,1152,37.983000,B_alejandro-cuevas/ROBOMASTER_VIDEO_03/images/frame_1152.jpg
ROBOMASTER_VIDEO_03,1320,43.527000,B_alejandro-cuevas/ROBOMASTER_VIDEO_03/images/frame_1320.jpg
ROBOMASTER_VIDEO_03,1488,49.071000,B_alejandro-cuevas/ROBOMASTER_VIDEO_03/images/frame_1488.jpg
ROBOMASTER_VIDEO_03,1632,53.823000,B_alejandro-cuevas/ROBOMASTER_VIDEO_03/images/frame_1632.jpg
ROBOMASTER_VIDEO_03,1800,59.367000,B_alejandro-cuevas/ROBOMASTER_VIDEO_03/images/frame_1800.jpg
ROBOMASTER_VIDEO_04,24,0.759000,B_alejandro-cuevas/ROBOMASTER_VIDEO_04/images/frame_0024.jpg
ROBOMASTER_VIDEO_04,192,6.303000,B_alejandro-cuevas/ROBOMASTER_VIDEO_04/images/frame_0192.jpg
ROBOMASTER_VIDEO_04,384,12.639000,B_alejandro-cuevas/ROBOMASTER_VIDEO_04/images/frame_0384.jpg
ROBOMASTER_VIDEO_04,552,18.183000,B_alejandro-cuevas/ROBOMASTER_VIDEO_04/images/frame_0552.jpg
ROBOMASTER_VIDEO_04,744,24.519000,B_alejandro-cuevas/ROBOMASTER_VIDEO_04/images/frame_0744.jpg
ROBOMASTER_VIDEO_04,912,30.063000,B_alejandro-cuevas/ROBOMASTER_VIDEO_04/images/frame_0912.jpg
ROBOMASTER_VIDEO_04,1104,36.399000,B_alejandro-cuevas/ROBOMASTER_VIDEO_04/images/frame_1104.jpg
ROBOMASTER_VIDEO_04,1272,41.943000,B_alejandro-cuevas/ROBOMASTER_VIDEO_04/images/frame_1272.jpg
ROBOMASTER_VIDEO_04,1464,48.279000,B_alejandro-cuevas/ROBOMASTER_VIDEO_04/images/frame_1464.jpg
ROBOMASTER_VIDEO_04,1632,53.823000,B_alejandro-cuevas/ROBOMASTER_VIDEO_04/images/frame_1632.jpg
ROBOMASTER_VIDEO_04,1824,60.159000,B_alejandro-cuevas/ROBOMASTER_VIDEO_04/images/frame_1824.jpg
ROBOMASTER_VIDEO_04,1992,65.703000,B_alejandro-cuevas/ROBOMASTER_VIDEO_04/images/frame_1992.jpg
ROBOMASTER_VIDEO_05,24,0.759000,C_monica-fernandez/ROBOMASTER_VIDEO_05/images/frame_0024.jpg
ROBOMASTER_VIDEO_05,192,6.303000,C_monica-fernandez/ROBOMASTER_VIDEO_05/images/frame_0192.jpg
ROBOMASTER_VIDEO_05,336,11.055000,C_monica-fernandez/ROBOMASTER_VIDEO_05/images/frame_0336.jpg
ROBOMASTER_VIDEO_05,504,16.599000,C_monica-fernandez/ROBOMASTER_VIDEO_05/images/frame_0504.jpg
ROBOMASTER_VIDEO_05,672,22.143000,C_monica-fernandez/ROBOMASTER_VIDEO_05/images/frame_0672.jpg
ROBOMASTER_VIDEO_05,840,27.687000,C_monica-fernandez/ROBOMASTER_VIDEO_05/images/frame_0840.jpg
ROBOMASTER_VIDEO_05,984,32.439000,C_monica-fernandez/ROBOMASTER_VIDEO_05/images/frame_0984.jpg
ROBOMASTER_VIDEO_05,1152,37.983000,C_monica-fernandez/ROBOMASTER_VIDEO_05/images/frame_1152.jpg
ROBOMASTER_VIDEO_05,1320,43.527000,C_monica-fernandez/ROBOMASTER_VIDEO_05/images/frame_1320.jpg
ROBOMASTER_VIDEO_05,1488,49.071000,C_monica-fernandez/ROBOMASTER_VIDEO_05/images/frame_1488.jpg
ROBOMASTER_VIDEO_05,1632,53.823000,C_monica-fernandez/ROBOMASTER_VIDEO_05/images/frame_1632.jpg
ROBOMASTER_VIDEO_05,1800,59.367000,C_monica-fernandez/ROBOMASTER_VIDEO_05/images/frame_1800.jpg
ROBOMASTER_VIDEO_06,24,0.759000,C_monica-fernandez/ROBOMASTER_VIDEO_06/images/frame_0024.jpg
ROBOMASTER_VIDEO_06,216,7.095000,C_monica-fernandez/ROBOMASTER_VIDEO_06/images/frame_0216.jpg
ROBOMASTER_VIDEO_06,432,14.223000,C_monica-fernandez/ROBOMASTER_VIDEO_06/images/frame_0432.jpg
ROBOMASTER_VIDEO_06,624,20.559000,C_monica-fernandez/ROBOMASTER_VIDEO_06/images/frame_0624.jpg
ROBOMASTER_VIDEO_06,816,26.895000,C_monica-fernandez/ROBOMASTER_VIDEO_06/images/frame_0816.jpg
ROBOMASTER_VIDEO_06,1032,34.023000,C_monica-fernandez/ROBOMASTER_VIDEO_06/images/frame_1032.jpg
ROBOMASTER_VIDEO_06,1224,40.359000,C_monica-fernandez/ROBOMASTER_VIDEO_06/images/frame_1224.jpg
ROBOMASTER_VIDEO_06,1440,47.487000,C_monica-fernandez/ROBOMASTER_VIDEO_06/images/frame_1440.jpg
ROBOMASTER_VIDEO_06,1632,53.823000,C_monica-fernandez/ROBOMASTER_VIDEO_06/images/frame_1632.jpg
ROBOMASTER_VIDEO_06,1824,60.159000,C_monica-fernandez/ROBOMASTER_VIDEO_06/images/frame_1824.jpg
ROBOMASTER_VIDEO_06,2040,67.287000,C_monica-fernandez/ROBOMASTER_VIDEO_06/images/frame_2040.jpg
ROBOMASTER_VIDEO_06,2232,73.623000,C_monica-fernandez/ROBOMASTER_VIDEO_06/images/frame_2232.jpg
ROBOMASTER_VIDEO_07,24,0.759000,D_pedro-orrego/ROBOMASTER_VIDEO_07/images/frame_0024.jpg
ROBOMASTER_VIDEO_07,192,6.303000,D_pedro-orrego/ROBOMASTER_VIDEO_07/images/frame_0192.jpg
ROBOMASTER_VIDEO_07,360,11.847000,D_pedro-orrego/ROBOMASTER_VIDEO_07/images/frame_0360.jpg
ROBOMASTER_VIDEO_07,528,17.391000,D_pedro-orrego/ROBOMASTER_VIDEO_07/images/frame_0528.jpg
ROBOMASTER_VIDEO_07,696,22.935000,D_pedro-orrego/ROBOMASTER_VIDEO_07/images/frame_0696.jpg
ROBOMASTER_VIDEO_07,864,28.479000,D_pedro-orrego/ROBOMASTER_VIDEO_07/images/frame_0864.jpg
ROBOMASTER_VIDEO_07,1008,33.231000,D_pedro-orrego/ROBOMASTER_VIDEO_07/images/frame_1008.jpg
ROBOMASTER_VIDEO_07,1176,38.775000,D_pedro-orrego/ROBOMASTER_VIDEO_07/images/frame_1176.jpg
ROBOMASTER_VIDEO_07,1344,44.319000,D_pedro-orrego/ROBOMASTER_VIDEO_07/images/frame_1344.jpg
ROBOMASTER_VIDEO_07,1512,49.863000,D_pedro-orrego/ROBOMASTER_VIDEO_07/images/frame_1512.jpg
ROBOMASTER_VIDEO_07,1680,55.407000,D_pedro-orrego/ROBOMASTER_VIDEO_07/images/frame_1680.jpg
ROBOMASTER_VIDEO_07,1848,60.951000,D_pedro-orrego/ROBOMASTER_VIDEO_07/images/frame_1848.jpg
ROBOMASTER_VIDEO_08,24,0.759000,D_pedro-orrego/ROBOMASTER_VIDEO_08/images/frame_0024.jpg
ROBOMASTER_VIDEO_08,240,7.887000,D_pedro-orrego/ROBOMASTER_VIDEO_08/images/frame_0240.jpg
ROBOMASTER_VIDEO_08,456,15.015000,D_pedro-orrego/ROBOMASTER_VIDEO_08/images/frame_0456.jpg
ROBOMASTER_VIDEO_08,696,22.935000,D_pedro-orrego/ROBOMASTER_VIDEO_08/images/frame_0696.jpg
ROBOMASTER_VIDEO_08,912,30.063000,D_pedro-orrego/ROBOMASTER_VIDEO_08/images/frame_0912.jpg
ROBOMASTER_VIDEO_08,1128,37.191000,D_pedro-orrego/ROBOMASTER_VIDEO_08/images/frame_1128.jpg
ROBOMASTER_VIDEO_08,1344,44.319000,D_pedro-orrego/ROBOMASTER_VIDEO_08/images/frame_1344.jpg
ROBOMASTER_VIDEO_08,1560,51.447000,D_pedro-orrego/ROBOMASTER_VIDEO_08/images/frame_1560.jpg
ROBOMASTER_VIDEO_08,1776,58.575000,D_pedro-orrego/ROBOMASTER_VIDEO_08/images/frame_1776.jpg
ROBOMASTER_VIDEO_08,2016,66.495000,D_pedro-orrego/ROBOMASTER_VIDEO_08/images/frame_2016.jpg
ROBOMASTER_VIDEO_08,2232,73.623000,D_pedro-orrego/ROBOMASTER_VIDEO_08/images/frame_2232.jpg
ROBOMASTER_VIDEO_08,2448,80.751000,D_pedro-orrego/ROBOMASTER_VIDEO_08/images/frame_2448.jpg
ROBOMASTER_VIDEO_09,24,0.759000,E_daniel-naval/ROBOMASTER_VIDEO_09/images/frame_0024.jpg
ROBOMASTER_VIDEO_09,168,5.511000,E_daniel-naval/ROBOMASTER_VIDEO_09/images/frame_0168.jpg
ROBOMASTER_VIDEO_09,336,11.055000,E_daniel-naval/ROBOMASTER_VIDEO_09/images/frame_0336.jpg
ROBOMASTER_VIDEO_09,480,15.807000,E_daniel-naval/ROBOMASTER_VIDEO_09/images/frame_0480.jpg
ROBOMASTER_VIDEO_09,624,20.559000,E_daniel-naval/ROBOMASTER_VIDEO_09/images/frame_0624.jpg
ROBOMASTER_VIDEO_09,792,26.103000,E_daniel-naval/ROBOMASTER_VIDEO_09/images/frame_0792.jpg
ROBOMASTER_VIDEO_09,936,30.855000,E_daniel-naval/ROBOMASTER_VIDEO_09/images/frame_0936.jpg
ROBOMASTER_VIDEO_09,1104,36.399000,E_daniel-naval/ROBOMASTER_VIDEO_09/images/frame_1104.jpg
ROBOMASTER_VIDEO_09,1248,41.151000,E_daniel-naval/ROBOMASTER_VIDEO_09/images/frame_1248.jpg
ROBOMASTER_VIDEO_09,1392,45.903000,E_daniel-naval/ROBOMASTER_VIDEO_09/images/frame_1392.jpg
ROBOMASTER_VIDEO_09,1560,51.447000,E_daniel-naval/ROBOMASTER_VIDEO_09/images/frame_1560.jpg
ROBOMASTER_VIDEO_09,1704,56.199000,E_daniel-naval/ROBOMASTER_VIDEO_09/images/frame_1704.jpg
ROBOMASTER_VIDEO_10,24,0.759000,E_daniel-naval/ROBOMASTER_VIDEO_10/images/frame_0024.jpg
ROBOMASTER_VIDEO_10,192,6.303000,E_daniel-naval/ROBOMASTER_VIDEO_10/images/frame_0192.jpg
ROBOMASTER_VIDEO_10,336,11.055000,E_daniel-naval/ROBOMASTER_VIDEO_10/images/frame_0336.jpg
ROBOMASTER_VIDEO_10,504,16.599000,E_daniel-naval/ROBOMASTER_VIDEO_10/images/frame_0504.jpg
ROBOMASTER_VIDEO_10,672,22.143000,E_daniel-naval/ROBOMASTER_VIDEO_10/images/frame_0672.jpg
ROBOMASTER_VIDEO_10,840,27.687000,E_daniel-naval/ROBOMASTER_VIDEO_10/images/frame_0840.jpg
ROBOMASTER_VIDEO_10,984,32.439000,E_daniel-naval/ROBOMASTER_VIDEO_10/images/frame_0984.jpg
ROBOMASTER_VIDEO_10,1152,37.983000,E_daniel-naval/ROBOMASTER_VIDEO_10/images/frame_1152.jpg
ROBOMASTER_VIDEO_10,1320,43.527000,E_daniel-naval/ROBOMASTER_VIDEO_10/images/frame_1320.jpg
ROBOMASTER_VIDEO_10,1488,49.071000,E_daniel-naval/ROBOMASTER_VIDEO_10/images/frame_1488.jpg
ROBOMASTER_VIDEO_10,1632,53.823000,E_daniel-naval/ROBOMASTER_VIDEO_10/images/frame_1632.jpg
ROBOMASTER_VIDEO_10,1800,59.367000,E_daniel-naval/ROBOMASTER_VIDEO_10/images/frame_1800.jpg
